{
  "version": 1,
  "author": "Anonymous maker",
  "editor": "wokwi",
  "parts": [
    { "type": "wokwi-breadboard-half", "id": "bb1", "top": -243, "left": -54.8, "attrs": {} },
    { "type": "wokwi-arduino-uno", "id": "uno", "top": 67.8, "left": -125.4, "attrs": {} },
    {
      "type": "wokwi-led",
      "id": "led1",
      "top": -190.4,
      "left": -34.2,
      "rotate": 180,
      "attrs": { "color": "red" }
    },
    {
      "type": "wokwi-pushbutton-6mm",
      "id": "btn1",
      "top": -151.8,
      "left": 188.8,
      "rotate": 270,
      "attrs": { "color": "green", "xray": "1" }
    },
    {
      "type": "wokwi-resistor",
      "id": "r1",
      "top": -131,
      "left": -48.85,
      "rotate": 270,
      "attrs": { "value": "220" }
    },
    {
      "type": "wokwi-resistor",
      "id": "r2",
      "top": -111.25,
      "left": 134.4,
      "attrs": { "value": "10000" }
    }
  ],
  "connections": [
    [ "bb1:tn.1", "bb1:bn.1", "black", [ "h-56", "v174" ] ],
    [ "bb1:26b.g", "bb1:bp.21", "green", [ "v0" ] ],
    [ "bb1:2b.j", "uno:13", "green", [ "v134.4", "h18.8" ] ],
    [ "bb1:tp.1", "bb1:bp.1", "red", [ "h-36.8", "v174" ] ],
    [ "bb1:24b.i", "uno:2", "blue", [ "v0" ] ],
    [ "bb1:bp.25", "uno:5V", "red", [ "h30.4", "v316" ] ],
    [ "bb1:bn.25", "uno:GND.3", "black", [ "v238.7", "h-194.4" ] ],
    [ "bb1:tn.2", "bb1:3t.a", "green", [ "v0" ] ],
    [ "r1:1", "bb1:2b.i", "", [ "$bb" ] ],
    [ "r1:2", "bb1:2t.e", "", [ "$bb" ] ],
    [ "r2:1", "bb1:18b.h", "", [ "$bb" ] ],
    [ "r2:2", "bb1:24b.h", "", [ "$bb" ] ],
    [ "led1:A", "bb1:2t.b", "", [ "$bb" ] ],
    [ "led1:C", "bb1:3t.b", "", [ "$bb" ] ],
    [ "btn1:1.l", "bb1:24b.f", "", [ "$bb" ] ],
    [ "btn1:2.l", "bb1:26b.f", "", [ "$bb" ] ],
    [ "btn1:1.r", "bb1:24t.e", "", [ "$bb" ] ],
    [ "btn1:2.r", "bb1:26t.e", "", [ "$bb" ] ],
    [ "bb1:18b.i", "bb1:bn.15", "green", [ "v0" ] ]
  ],
  "dependencies": {}
}